Id,Title,Url
1,Couple concierges/gardiens  H/F,https://www.lejobadequat.com/emplois/262116-couple-concierges-gardiens-f-h-fr
2,Assistant(e) qualité  H/F,https://www.lejobadequat.com/emplois/262115-assistante-qualite-h-f-fr
3,Conducteur d’engins –  H/F,https://www.lejobadequat.com/emplois/262114-conducteur-dengins-h-f-fr
4,Peintre-carrossier  H/F,https://www.lejobadequat.com/emplois/262113-peintre-carrossier-h-f-fr
5,Conducteur d’engins chargeuse-  H/F,https://www.lejobadequat.com/emplois/262112-conducteur-dengins-chargeuse-h-f-fr
6,Assistant(e) qualité  H/F,https://www.lejobadequat.com/emplois/262111-assistante-qualite-h-f-fr
7,Coffreur boiseur  H/F,https://www.lejobadequat.com/emplois/262110-coffreur-boiseur-h-f-fr
8,Assistant paie et RH  H/F,https://www.lejobadequat.com/emplois/262109-assistant-paie-et-rh-h-f-fr
9,Agent de pré-fabrication  H/F,https://www.lejobadequat.com/emplois/262108-agent-de-pre-fabrication-f-h-fr
10,Chef de secteur gms  H/F,https://www.lejobadequat.com/emplois/262106-chef-de-secteur-gms-h-f-fr
11,Chef de secteur gms  H/F,https://www.lejobadequat.com/emplois/262103-chef-de-secteur-gms-h-f-fr
12,Technicien de maintenance  H/F,https://www.lejobadequat.com/emplois/262102-technicien-de-maintenance-h-f-fr
